keywords,type
#420,hashtags
#420allday,hashtags
#420community,hashtags
#420daily,hashtags
#420everyday,hashtags
#420family,hashtags
#420feed,hashtags
#420friendly,hashtags
#420life,hashtags
#420photography,hashtags
#710,hashtags
#710community,hashtags
#710dabs,hashtags
#710friendly,hashtags
#710life,hashtags
#710society,hashtags
#blunt,hashtags
#blunts,hashtags
#bong,hashtags
#californiacannabis,hashtags
#caliweed,hashtags
#cann,hashtags
#cannabidiol,hashtags
#cannabigerol,hashtags
#cannabinoid,hashtags
#cannabinoidmedicine,hashtags
#cannabinoids,hashtags
#cannabinoidscience,hashtags
#cannabis,hashtags
#cannabischannel,hashtags
#cannabiscommunity,hashtags
#cannabisconcentrates,hashtags
#cannabisconnoisseur,hashtags
#cannabiscultivation,hashtags
#cannabisculture,hashtags
#cannabiscup,hashtags
#cannabiscures,hashtags
#cannabisdaily,hashtags
#cannabisedibles,hashtags
#cannabiseducation,hashtags
#cannabisextracts,hashtags
#cannabisgrow,hashtags
#cannabisgrower,hashtags
#cannabisgrowers,hashtags
#cannabishyperemesis,hashtags
#cannabisindustry,hashtags
#cannabislife,hashtags
#cannabislifestyle,hashtags
#cannabislove,hashtags
#cannabismedicinal,hashtags
#cannabisnews,hashtags
#cannabisphotography,hashtags
#cannabissociety,hashtags
#cannabisstrain,hashtags
#cannabisstrains,hashtags
#cannabutter,hashtags
#cannaculture,hashtags
#cannafam,hashtags
#cannamama,hashtags
#cannamom,hashtags
#cbd,hashtags
#cbdbenefits,hashtags
#cbdcommunity,hashtags
#cbdflowers,hashtags
#cbdgummies,hashtags
#cbdhealth,hashtags
#cbdlife,hashtags
#cbdmovement,hashtags
#cbdoil,hashtags
#cbdproducts,hashtags
#cbdshop,hashtags
#cbdwellness,hashtags
#cbg,hashtags
#chicagocannabis ,hashtags
#chicagocannabiscommunity,hashtags
#chs,hashtags
#concentrates,hashtags
#constellationcannabis,hashtags
#craftcannabis,hashtags
#craftmyhigh,hashtags
#d8brand,hashtags
#dabber,hashtags
#dabs,hashtags
#dabsondabs,hashtags
#dailystoner,hashtags
#dank,hashtags
#delta,hashtags
#delta10,hashtags
#delta8,hashtags
#delta9,hashtags
#denverdabbers,hashtags
#dispensary,hashtags
#edibles,hashtags
#exoticstrains,hashtags
#flcannabis,hashtags
#flmmj,hashtags
#fueledbythc,hashtags
#ganja,hashtags
#ganjalove,hashtags
#girlswhosmoke ,hashtags
#hash,hashtags
#hashrosin,hashtags
#hemp,hashtags
#hempoil,hashtags
#high,hashtags
#highsociety,hashtags
#hightimes,hashtags
#i502,hashtags
#illinoiscannabis,hashtags
#indica,hashtags
#instaweed,hashtags
#jackherer,hashtags
#joint,hashtags
#jungleboys,hashtags
#justblazeig,hashtags
#kush,hashtags
#kusharmy,hashtags
#kushlife,hashtags
#legalhigh,hashtags
#legalizeit,hashtags
#legalweed,hashtags
#liveresin,hashtags
#liverosin,hashtags
#lowtempdabs,hashtags
#marihuana,hashtags
#marijuana,hashtags
#marijuanagrowers,hashtags
#maryjane,hashtags
#medicalcannabis,hashtags
#michigancannabis,hashtags
#michiganweed,hashtags
#mmj,hashtags
#mmjlife,hashtags
#mmjpatient,hashtags
#mmjpatients,hashtags
#mmjstories,hashtags
#momsformarijuana,hashtags
#momswhosmokeweed,hashtags
#ohiomedicalcannabis,hashtags
#okcannabis,hashtags
#oklahomacannabis,hashtags
#oklahomacannabiscommunity,hashtags
#oregoncannabis,hashtags
#organiccannabis,hashtags
#pnwdabbers,hashtags
#pot,hashtags
#pothead,hashtags
#preroll,hashtags
#prerolls,hashtags
#puffpuffpass,hashtags
#rawlife420,hashtags
#rig,hashtags
#rosin,hashtags
#rosinrevolution,hashtags
#sativa,hashtags
#seattlecannabis,hashtags
#seattlestoner,hashtags
#shatter,hashtags
#smokeweed,hashtags
#smokeweedeveryday,hashtags
#stayhigh,hashtags
#stoned,hashtags
#stoner,hashtags
#stonerbabe,hashtags
#stonerbabes,hashtags
#stonerchick,hashtags
#stonerchicks,hashtags
#stonerfam,hashtags
#stonergirl,hashtags
#stonergirl  ,hashtags
#stonergirlcommunity ,hashtags
#stonergirlsdoitbetter,hashtags
#stonergirlsrock,hashtags
#stonermom,hashtags
#stonernation,hashtags
#stoners,hashtags
#terpenes,hashtags
#terps,hashtags
#thc,hashtags
#thccartridges,hashtags
#thccarts,hashtags
#thcgirls,hashtags
#thco,hashtags
#thcoil,hashtags
#thcvapecartridges,hashtags
#trichomes,hashtags
#wakeandbake,hashtags
#wakenbake,hashtags
#wedontsmokethesame,hashtags
#weed,hashtags
#weedclan,hashtags
#weedcommunity,hashtags
#weedculture,hashtags
#weeddaily,hashtags
#weeddeals,hashtags
#weeddrinks,hashtags
#weededibles,hashtags
#weedfarm,hashtags
#weedfeed,hashtags
#weedgirl,hashtags
#weedgirls,hashtags
#weedgram,hashtags
#weedhumor,hashtags
#weedlife,hashtags
#weedlovers,hashtags
#weedmemes,hashtags
#weedporn,hashtags
#weedsmokers,hashtags
#weedsociety,hashtags
#weedstagram,hashtags
#womenincannabis,hashtags
#womeninweed ,hashtags
#thca,hashtags
#cbc,hashtags
#cbn,hashtags
#cbt,hashtags
420 community,keywords
420 life,keywords
710 dabs,keywords
710 friendly,keywords
710 life,keywords
7/10 society,keywords
california cannabis,keywords
cali weed,keywords
cannabinoid medicine,keywords
cannabinoid science,keywords
cannabis channel,keywords
cannabis community,keywords
cannabis concentrates,keywords
cannabis connoisseur,keywords
cannabis cultivation,keywords
cannabis culture,keywords
cannabis cup,keywords
cannabis cures,keywords
cannabis daily,keywords
cannabis edibles,keywords
cannabis education,keywords
cannabis extracts,keywords
cannabis grow,keywords
cannabis grower,keywords
cannabis growers,keywords
cannabis hyperemesis,keywords
cannabis industry,keywords
cannabis life,keywords
cannabis lifestyle,keywords
cannabis love,keywords
cannabis medicinal,keywords
cannabis news,keywords
cannabis photography,keywords
cannabis society,keywords
cannabis strain,keywords
cannabis strains,keywords
canna mom,keywords
cbd benefit,keywords
cbd community,keywords
cbd flowers,keywords
cbd gummies,keywords
cbd health,keywords
cbd life,keywords
cbd movement,keywords
cbd oil,keywords
cbd products,keywords
cbd shop,keywords
cbd wellness,keywords
chicago cannabis,keywords
chicago cannabis community,keywords
constellation cannabis,keywords
craft cannabis,keywords
d8 brand,keywords
daily stoner,keywords
delta 8,keywords
delta 9,keywords
denver dabbers,keywords
exotic strains,keywords
florida cannabis,keywords
florida medical cannabis,keywords
ganja love,keywords
girls who smoke,keywords
hash rosin,keywords
hemp oil,keywords
high society,keywords
high times,keywords
i-502,keywords
illinois cannabis,keywords
jack herer,keywords
jungle boys,keywords
kush army,keywords
kush life,keywords
legal high,keywords
legalize it,keywords
legal weed,keywords
live resin,keywords
live rosin,keywords
low temp dabs,keywords
marijuana growers,keywords
mary jane,keywords
medical cannabis,keywords
michigan cannabis,keywords
michigan weed,keywords
mmj life,keywords
mmj patient,keywords
mmj patients,keywords
mmj stories,keywords
moms for marijuana,keywords
moms who smoke weed,keywords
ohio medical cannabis,keywords
ok cannabis,keywords
oklahoma cannabis,keywords
oklahoma cannabis community,keywords
oregon cannabis,keywords
organic cannabis,keywords
pnw dabbers,keywords
pre roll,keywords
pre rolls,keywords
puff puff pass,keywords
seattle cannabis,keywords
seattle stoner,keywords
smoke weed,keywords
smoke weed every day,keywords
stay high,keywords
stoner babe,keywords
stoner babes,keywords
stoner chick,keywords
stoner chicks,keywords
stoner fam,keywords
stoner girl,keywords
stoner girl community,keywords
stoner mom,keywords
stoner nation,keywords
thc cartridge,keywords
thc carts,keywords
thc girls,keywords
thc oil,keywords
thc vape cartridge,keywords
wake and bake,keywords
wake n' bake,keywords
weed clan,keywords
weed community,keywords
weed culture,keywords
weed daily,keywords
weed deals,keywords
weed drink,keywords
weed edible,keywords
weed farm,keywords
weed girl,keywords
weed girls,keywords
weed humor,keywords
weed life,keywords
weed lovers,keywords
weed meme,keywords
weed porn,keywords
weed smokers,keywords
weed society,keywords
women in cannabis,keywords
women in weed,keywords
"""4/20""",variations
4/20 community,variations
4/20-friendly,variations
420-friendly,variations
"""7/10""",variations
oil day,variations
7/10 dabs,variations
7/10-friendly,variations
7/10 friendly,variations
7/10 life,variations
710-life,variations
710 society,variations
bongs,variations
water pipe,variations
california weed,variations
california marijuana,variations
cannabis concentrate,variations
cannasseur,variations
cannoisseur,variations
daily cannabis,variations
cannabis edible,variations
cannabis extraction,variations
cannabis extract,variations
cannabis hyperemesis syndrome,variations
cannabis as a lifestyle,variations
medicinal cannabis,variations
cannabis photographer,variations
cannabis cultivars,variations
cultivars,variations
cannabis varieties,variations
canna butter,variations
canna culture,variations
canna fam,variations
cannabis fam,variations
cannabis family,variations
cannabis mom,variations
cbd benefits,variations
cannabidiol community,variations
cbd flower,variations
inhalable cbd,variations
cbd gummy,variations
cbd-life,variations
cbd oils,variations
cbd product,variations
cbd dispensary,variations
cannabidiol wellness,variations
extracts,variations
delta-10,variations
d10,variations
d10-thc,variations
delta-8,variations
d8-thc,variations
d8,variations
delta-9,variations
delta-9-thc,variations
delta-9 thc,variations
weed store,variations
cannabis store,variations
cannabis shop,variations
weed shop,variations
exotic terpenes,variations
exotic profile,variations
exotic cultivar,variations
got high,variations
washington i-502,variations
joints,variations
legally high,variations
michigan marijuana,variations
medical marijuana life,variations
medical marijuana patient,variations
medical marijuana patients,variations
medical marijuana stories,variations
ohio cannabis,variations
ohio mmj,variations
pacific northwest cannabis,variations
pre-roll,variations
pre-rolls,variations
puff,variations
pass,variations
dab rig,variations
weed rig,variations
swed,variations
staying high,variations
terpene,variations
tetrahydrocannabinol,variations
thc cartridges,variations
thc cart,variations
thc o,variations
thc o acetate,variations
thc acetate,variations
thc vape cart,variations
thc vape carts,variations
thc vape cartridges,variations
trichome,variations
weed deal,variations
weed drinks,variations
weed edibles,variations
weed farms,variations
weed memes,variations
cannabichromene,variations
cannabinol,variations
cannabitriol,variations
https://shanebarker.com/blog/cannabis-influencers/,accounts
https://www.instagram.com/weedhumor/,accounts
https://www.instagram.com/trippy.treez/,accounts
https://www.instagram.com/thehighwoman/,accounts
https://www.instagram.com/tyleramaya/,accounts
https://www.instagram.com/cheechandchong/,accounts
https://www.instagram.com/stiiizy/,accounts
https://www.instagram.com/jackey_420/,accounts
https://www.instagram.com/_thehempress/,accounts
https://www.instagram.com/medicatedmarley/,accounts
https://www.instagram.com/imcannabess/,accounts
https://www.instagram.com/SheSmokesJoints/,accounts
https://www.instagram.com/themommyjane/?hl=en,accounts
https://www.instagram.com/bluntblowinmama/,accounts
https://www.instagram.com/frauleinchef/,accounts
https://www.instagram.com/theherbsomm/?hl=en,accounts
https://www.instagram.com/_shadesofsyd/,accounts
https://www.instagram.com/sandy.smokes/?hl=en,accounts
https://www.instagram.com/sousweed/,accounts
https://www.instagram.com/thedankduchess/,accounts
https://www.instagram.com/thathighcouple/,accounts
https://www.instagram.com/cannabis/?hl=en,accounts
https://www.instagram.com/weedmaps/?hl=en,accounts
https://www.instagram.com/weedfeed/?hl=en,accounts
https://www.instagram.com/explore/tags/cbd/?hl=en,accounts
https://www.instagram.com/explore/tags/%E1%B4%9B%CA%9C%E1%B4%84/?hl=en,accounts
https://www.instagram.com/explore/tags/thcfree/?hl=en,accounts
https://www.instagram.com/cannabinoid.hyperemesis/?hl=en,accounts
https://www.instagram.com/thealicemoon/?hl=en,accounts
